grid_id,zone,zone_source,osm_industrial_share,coj_industrial_matches,coj_residential_matches,coj_evidence_n,coj_industrial_purity
JNB0001,residential,residential_fallback,0.0,0,0,0,0.0
JNB0002,residential,residential_fallback,0.0,0,0,0,0.0
JNB0003,residential,residential_fallback,0.0,0,0,0,0.0
JNB0004,residential,residential_fallback,0.0,0,0,0,0.0
JNB0005,residential,residential_fallback,0.0,0,0,0,0.0
JNB0006,residential,residential_fallback,0.0,0,0,0,0.0
JNB0007,residential,residential_fallback,0.0,0,0,0,0.0
JNB0008,residential,residential_fallback,0.0,0,0,0,0.0
JNB0009,residential,residential_fallback,0.0001291629866687819,0,0,0,0.0
JNB0010,residential,residential_fallback,0.0,0,0,0,0.0
JNB0011,residential,residential_fallback,0.02739280099018167,0,0,0,0.0
JNB0012,residential,residential_fallback,0.0,0,0,0,0.0
JNB0013,residential,residential_fallback,0.0,0,0,0,0.0
JNB0014,industrial,osm_industrial_share_ge_0.03,0.14957089887641767,11,3,14,0.7857142857142857
JNB0015,industrial,osm_industrial_share_ge_0.03,0.8923265195798914,54,0,54,1.0
JNB0016,industrial,osm_industrial_share_ge_0.03,0.1080948528804747,0,0,0,0.0
JNB0017,residential,residential_fallback,0.028165987717660084,0,0,0,0.0
JNB0018,residential,residential_fallback,0.0,0,0,0,0.0
JNB0019,residential,residential_fallback,0.0,0,0,0,0.0
JNB0020,residential,residential_fallback,0.0,0,0,0,0.0
JNB0021,residential,residential_fallback,0.0,0,0,0,0.0
JNB0022,residential,residential_fallback,0.0,0,0,0,0.0
JNB0023,residential,residential_fallback,0.0,0,0,0,0.0
JNB0024,residential,residential_fallback,0.0,0,5,5,0.0
JNB0025,industrial,osm_industrial_share_ge_0.03,0.4513913898701861,0,12,12,0.0
JNB0026,industrial,osm_industrial_share_ge_0.03,0.31002720468271816,0,6,6,0.0
JNB0027,residential,residential_fallback,0.00015516202754807597,0,0,0,0.0
JNB0028,residential,residential_fallback,0.0,0,0,0,0.0
JNB0029,residential,residential_fallback,0.0,0,0,0,0.0
JNB0030,residential,residential_fallback,0.0,0,0,0,0.0
JNB0031,residential,residential_fallback,0.0,0,0,0,0.0
JNB0032,residential,residential_fallback,0.0,0,0,0,0.0
JNB0033,residential,residential_fallback,0.0,0,0,0,0.0
JNB0034,residential,residential_fallback,0.0,0,0,0,0.0
JNB0035,residential,residential_fallback,0.0,0,0,0,0.0
JNB0036,residential,residential_fallback,0.0,0,0,0,0.0
JNB0037,residential,residential_fallback,0.005135327803026318,0,62,62,0.0
JNB0038,residential,residential_fallback,0.0,0,10,10,0.0
JNB0039,residential,residential_fallback,0.0,0,0,0,0.0
JNB0040,residential,residential_fallback,0.0,0,0,0,0.0
JNB0041,residential,residential_fallback,0.0,0,0,0,0.0
JNB0042,residential,residential_fallback,0.0,0,0,0,0.0
JNB0043,industrial,osm_industrial_share_ge_0.03,0.05171223320253851,0,0,0,0.0
JNB0044,industrial,osm_industrial_share_ge_0.03,0.27830865913772923,0,0,0,0.0
JNB0045,residential,residential_fallback,0.0,0,0,0,0.0
JNB0046,residential,residential_fallback,0.0,0,0,0,0.0
JNB0047,residential,residential_fallback,0.0,0,0,0,0.0
JNB0048,residential,residential_fallback,0.0,0,0,0,0.0
JNB0049,residential,residential_fallback,0.0,0,9,9,0.0
JNB0050,residential,residential_fallback,0.0,0,142,142,0.0
JNB0051,residential,residential_fallback,0.0,0,14,14,0.0
JNB0052,residential,residential_fallback,0.0,0,0,0,0.0
JNB0053,residential,residential_fallback,0.0,0,0,0,0.0
JNB0054,residential,residential_fallback,0.0,0,0,0,0.0
JNB0055,residential,residential_fallback,0.0,0,0,0,0.0
JNB0056,residential,residential_fallback,0.0,0,0,0,0.0
JNB0057,residential,residential_fallback,0.0,0,0,0,0.0
JNB0058,residential,residential_fallback,0.0,0,0,0,0.0
JNB0059,residential,residential_fallback,0.0,0,0,0,0.0
JNB0060,residential,residential_fallback,0.0,0,0,0,0.0
JNB0061,residential,residential_fallback,0.0,0,0,0,0.0
JNB0062,residential,residential_fallback,0.0,0,0,0,0.0
JNB0063,residential,residential_fallback,0.0,0,2,2,0.0
JNB0064,residential,residential_fallback,0.0,0,132,132,0.0
JNB0065,residential,residential_fallback,0.0,0,58,58,0.0
JNB0066,residential,residential_fallback,0.0,0,0,0,0.0
JNB0067,residential,residential_fallback,0.0,0,0,0,0.0
JNB0068,residential,residential_fallback,0.0,0,0,0,0.0
JNB0069,residential,residential_fallback,0.0,0,0,0,0.0
JNB0070,residential,residential_fallback,0.0,0,0,0,0.0
JNB0071,residential,residential_fallback,0.0,0,0,0,0.0
JNB0072,residential,residential_fallback,0.0,0,0,0,0.0
JNB0073,residential,residential_fallback,0.0,0,0,0,0.0
JNB0074,residential,residential_fallback,0.0,0,0,0,0.0
JNB0075,residential,residential_fallback,0.0,0,0,0,0.0
JNB0076,residential,residential_fallback,0.0,0,0,0,0.0
JNB0077,residential,residential_fallback,0.0,0,0,0,0.0
JNB0078,residential,residential_fallback,0.0,0,0,0,0.0
JNB0079,residential,residential_fallback,0.0,0,61,61,0.0
JNB0080,residential,residential_fallback,0.0,0,1,1,0.0
JNB0081,residential,residential_fallback,0.0,0,0,0,0.0
JNB0082,residential,residential_fallback,0.0,0,0,0,0.0
JNB0083,residential,residential_fallback,0.0,0,0,0,0.0
JNB0084,residential,residential_fallback,0.0,0,0,0,0.0
JNB0085,residential,residential_fallback,0.0,0,0,0,0.0
JNB0086,residential,residential_fallback,0.0,0,0,0,0.0
JNB0087,residential,residential_fallback,0.0,1,0,1,1.0
JNB0088,residential,residential_fallback,0.0,0,0,0,0.0
JNB0089,residential,residential_fallback,0.0,0,0,0,0.0
JNB0090,residential,residential_fallback,0.0,0,0,0,0.0
JNB0091,residential,residential_fallback,0.0,0,0,0,0.0
JNB0092,residential,residential_fallback,0.0,0,0,0,0.0
JNB0093,residential,residential_fallback,0.0,0,0,0,0.0
JNB0094,residential,residential_fallback,0.0,0,0,0,0.0
JNB0095,residential,residential_fallback,0.0,0,2,2,0.0
JNB0096,residential,residential_fallback,0.0,0,77,77,0.0
JNB0097,residential,residential_fallback,0.0,0,24,24,0.0
JNB0098,residential,residential_fallback,0.0,0,0,0,0.0
JNB0099,residential,residential_fallback,0.0,0,0,0,0.0
JNB0100,residential,residential_fallback,0.0,0,0,0,0.0
JNB0101,residential,residential_fallback,0.0,0,0,0,0.0
JNB0102,residential,residential_fallback,0.0,0,0,0,0.0
JNB0103,residential,residential_fallback,0.0,0,0,0,0.0
JNB0104,residential,residential_fallback,0.0,0,0,0,0.0
JNB0105,residential,residential_fallback,1.1563556126112542e-05,0,0,0,0.0
JNB0106,industrial,osm_industrial_share_ge_0.03,0.054982979248541536,0,0,0,0.0
JNB0107,residential,residential_fallback,0.0,1,36,37,0.02702702702702703
JNB0108,residential,residential_fallback,0.0,1,107,108,0.009259259259259259
JNB0109,residential,residential_fallback,0.0,0,133,133,0.0
JNB0110,residential,residential_fallback,0.0,0,206,206,0.0
JNB0111,residential,residential_fallback,0.0,0,140,140,0.0
JNB0112,residential,residential_fallback,0.0,0,3,3,0.0
JNB0113,residential,residential_fallback,0.0,0,0,0,0.0
JNB0114,residential,residential_fallback,0.0,0,0,0,0.0
JNB0115,residential,residential_fallback,0.0,0,19,19,0.0
JNB0116,residential,residential_fallback,0.0,0,55,55,0.0
JNB0117,residential,residential_fallback,0.0,0,43,43,0.0
JNB0118,residential,residential_fallback,0.0,0,0,0,0.0
JNB0119,residential,residential_fallback,0.0,0,0,0,0.0
JNB0120,residential,residential_fallback,0.0,0,0,0,0.0
JNB0121,residential,residential_fallback,0.0,0,0,0,0.0
JNB0122,residential,residential_fallback,0.0,0,0,0,0.0
JNB0123,residential,residential_fallback,0.0,0,0,0,0.0
JNB0124,residential,residential_fallback,0.0,0,0,0,0.0
JNB0125,residential,residential_fallback,0.0,0,0,0,0.0
JNB0126,industrial,osm_industrial_share_ge_0.03,0.09475511474904358,0,0,0,0.0
JNB0127,industrial,osm_industrial_share_ge_0.03,0.1489496397851065,0,1,1,0.0
JNB0128,industrial,osm_industrial_share_ge_0.03,0.0629075846261244,2,10,12,0.16666666666666666
JNB0129,residential,residential_fallback,0.0,4,6,10,0.4
JNB0130,residential,residential_fallback,0.0,0,46,46,0.0
JNB0131,residential,residential_fallback,0.0,0,26,26,0.0
JNB0132,residential,residential_fallback,0.0,0,0,0,0.0
JNB0133,cbd,cbd25_spatial_crosswalk,0.03736976764892283,47,24,71,0.6619718309859155
JNB0134,cbd,cbd25_spatial_crosswalk,0.024195684071024983,0,115,115,0.0
JNB0135,cbd,cbd25_spatial_crosswalk,0.0,0,12,12,0.0
JNB0136,cbd,cbd25_spatial_crosswalk,0.0015082482554253397,0,0,0,0.0
JNB0137,cbd,cbd25_spatial_crosswalk,0.001606542945907206,0,5,5,0.0
JNB0138,residential,residential_fallback,0.0,0,0,0,0.0
JNB0139,residential,residential_fallback,0.0,0,0,0,0.0
JNB0140,residential,residential_fallback,0.0,0,0,0,0.0
JNB0141,residential,residential_fallback,0.0,0,0,0,0.0
JNB0142,residential,residential_fallback,0.0,0,0,0,0.0
JNB0143,residential,residential_fallback,0.0,0,0,0,0.0
JNB0144,residential,residential_fallback,0.0,0,0,0,0.0
JNB0145,residential,residential_fallback,0.0,0,0,0,0.0
JNB0146,residential,residential_fallback,0.003423649699535469,0,0,0,0.0
JNB0147,residential,residential_fallback,0.0,0,0,0,0.0
JNB0148,industrial,osm_industrial_share_ge_0.03,0.8969630630950141,0,0,0,0.0
JNB0149,industrial,osm_industrial_share_ge_0.03,0.2581598839837537,0,0,0,0.0
JNB0150,residential,residential_fallback,0.0,0,0,0,0.0
JNB0151,residential,residential_fallback,0.0,0,7,7,0.0
JNB0152,residential,residential_fallback,0.0,14,9,23,0.6086956521739131
JNB0153,industrial,coj_zoning_industrial_n3_purity_ge_0.70,0.0,3,0,3,1.0
JNB0154,residential,residential_fallback,0.0,0,77,77,0.0
JNB0155,residential,residential_fallback,0.0,0,51,51,0.0
JNB0156,residential,residential_fallback,0.0,0,15,15,0.0
JNB0157,cbd,cbd25_spatial_crosswalk,0.034353676578588455,2,3,5,0.4
JNB0158,cbd,cbd25_spatial_crosswalk,0.12186957670037481,0,0,0,0.0
JNB0159,cbd,cbd25_spatial_crosswalk,0.1450892128221818,0,0,0,0.0
JNB0160,cbd,cbd25_spatial_crosswalk,0.0,0,0,0,0.0
JNB0161,cbd,cbd25_spatial_crosswalk,0.0,0,0,0,0.0
JNB0162,residential,residential_fallback,0.008422319429215792,0,0,0,0.0
JNB0163,residential,residential_fallback,0.0,0,0,0,0.0
JNB0164,residential,residential_fallback,0.0,0,0,0,0.0
JNB0165,residential,residential_fallback,0.0,0,0,0,0.0
JNB0166,residential,residential_fallback,0.0,0,0,0,0.0
JNB0167,residential,residential_fallback,0.0,0,0,0,0.0
JNB0168,residential,residential_fallback,0.0,0,0,0,0.0
JNB0169,residential,residential_fallback,0.0,0,0,0,0.0
JNB0170,residential,residential_fallback,0.0,0,0,0,0.0
JNB0171,residential,residential_fallback,0.0,0,0,0,0.0
JNB0172,industrial,osm_industrial_share_ge_0.03,0.1449607339596007,0,0,0,0.0
JNB0173,industrial,osm_industrial_share_ge_0.03,0.04122701243476611,0,0,0,0.0
JNB0174,industrial,coj_zoning_industrial_n3_purity_ge_0.70,0.0,23,0,23,1.0
JNB0175,residential,residential_fallback,0.0,1,3,4,0.25
JNB0176,industrial,osm_industrial_share_ge_0.03,0.05898583981818384,150,2,152,0.9868421052631579
JNB0177,industrial,coj_zoning_industrial_n3_purity_ge_0.70,0.017846509756407114,129,0,129,1.0
JNB0178,residential,residential_fallback,0.0,0,5,5,0.0
JNB0179,residential,residential_fallback,0.0,0,24,24,0.0
JNB0180,residential,residential_fallback,0.0,0,29,29,0.0
JNB0181,cbd,cbd25_spatial_crosswalk,0.10682211267814577,0,22,22,0.0
JNB0182,cbd,cbd25_spatial_crosswalk,0.24587801709703197,0,0,0,0.0
JNB0183,cbd,cbd25_spatial_crosswalk,0.02603347880898327,0,0,0,0.0
JNB0184,cbd,cbd25_spatial_crosswalk,0.0,0,0,0,0.0
JNB0185,cbd,cbd25_spatial_crosswalk,0.0,0,0,0,0.0
JNB0186,residential,residential_fallback,0.003963466239476311,0,0,0,0.0
JNB0187,residential,residential_fallback,0.0,0,0,0,0.0
JNB0188,residential,residential_fallback,0.0,0,0,0,0.0
JNB0189,residential,residential_fallback,0.0,0,0,0,0.0
JNB0190,residential,residential_fallback,0.0,0,0,0,0.0
JNB0191,residential,residential_fallback,0.0,0,0,0,0.0
JNB0192,industrial,osm_industrial_share_ge_0.03,0.10739553511101589,0,0,0,0.0
JNB0193,industrial,osm_industrial_share_ge_0.03,0.03452896181925636,0,0,0,0.0
JNB0194,residential,residential_fallback,0.0,0,0,0,0.0
JNB0195,residential,residential_fallback,0.0,0,0,0,0.0
JNB0196,residential,residential_fallback,0.0,0,0,0,0.0
JNB0197,residential,residential_fallback,0.0,0,0,0,0.0
JNB0198,residential,residential_fallback,0.0,0,0,0,0.0
JNB0199,residential,residential_fallback,0.0,0,0,0,0.0
JNB0200,residential,residential_fallback,0.0,0,0,0,0.0
JNB0201,residential,residential_fallback,0.0,0,0,0,0.0
JNB0202,residential,residential_fallback,0.0,0,0,0,0.0
JNB0203,residential,residential_fallback,0.0,0,0,0,0.0
JNB0204,residential,residential_fallback,0.0,0,0,0,0.0
JNB0205,cbd,cbd25_spatial_crosswalk,0.005158153208162715,0,0,0,0.0
JNB0206,cbd,cbd25_spatial_crosswalk,0.003548690654320782,1,0,1,1.0
JNB0207,cbd,cbd25_spatial_crosswalk,0.0,80,0,80,1.0
JNB0208,cbd,cbd25_spatial_crosswalk,0.0,11,0,11,1.0
JNB0209,cbd,cbd25_spatial_crosswalk,0.0042462020028541225,0,0,0,0.0
JNB0210,residential,residential_fallback,0.0,0,0,0,0.0
JNB0211,residential,residential_fallback,0.0,0,0,0,0.0
JNB0212,residential,residential_fallback,0.0,0,0,0,0.0
JNB0213,residential,residential_fallback,0.0,0,0,0,0.0
JNB0214,residential,residential_fallback,0.0008539193567854163,0,0,0,0.0
JNB0215,industrial,osm_industrial_share_ge_0.03,0.26211170737803574,0,0,0,0.0
JNB0216,industrial,osm_industrial_share_ge_0.03,0.31467618086348953,0,0,0,0.0
JNB0217,industrial,osm_industrial_share_ge_0.03,0.1498399575875514,0,0,0,0.0
JNB0218,industrial,osm_industrial_share_ge_0.03,0.08660270476266632,0,0,0,0.0
JNB0219,industrial,osm_industrial_share_ge_0.03,0.07075629170635885,0,0,0,0.0
JNB0220,residential,residential_fallback,0.0,0,0,0,0.0
JNB0221,industrial,coj_zoning_industrial_n3_purity_ge_0.70,0.0,7,0,7,1.0
JNB0222,residential,residential_fallback,0.0,0,0,0,0.0
JNB0223,residential,residential_fallback,0.0,0,0,0,0.0
JNB0224,residential,residential_fallback,0.0,0,0,0,0.0
JNB0225,residential,residential_fallback,0.0,0,0,0,0.0
JNB0226,residential,residential_fallback,0.014949852539798846,0,0,0,0.0
JNB0227,residential,residential_fallback,0.0,0,0,0,0.0
JNB0228,residential,residential_fallback,0.0,0,0,0,0.0
JNB0229,cbd,cbd25_spatial_crosswalk,0.0,0,0,0,0.0
JNB0230,cbd,cbd25_spatial_crosswalk,0.26015360878934,15,0,15,1.0
JNB0231,cbd,cbd25_spatial_crosswalk,0.028048151373804998,138,0,138,1.0
JNB0232,cbd,cbd25_spatial_crosswalk,0.0,62,0,62,1.0
JNB0233,cbd,cbd25_spatial_crosswalk,0.0,0,0,0,0.0
JNB0234,industrial,osm_industrial_share_ge_0.03,0.06393870064973822,1,0,1,1.0
JNB0235,industrial,coj_zoning_industrial_n3_purity_ge_0.70,0.0,35,0,35,1.0
JNB0236,residential,residential_fallback,0.0,0,0,0,0.0
JNB0237,residential,residential_fallback,0.0,0,0,0,0.0
JNB0238,residential,residential_fallback,0.0274454809244335,0,0,0,0.0
JNB0239,industrial,osm_industrial_share_ge_0.03,0.2893435565774157,0,0,0,0.0
JNB0240,industrial,osm_industrial_share_ge_0.03,0.5311285255036273,0,0,0,0.0
JNB0241,industrial,osm_industrial_share_ge_0.03,0.23313115611463725,0,0,0,0.0
JNB0242,industrial,osm_industrial_share_ge_0.03,0.9622688254453083,0,0,0,0.0
JNB0243,industrial,osm_industrial_share_ge_0.03,0.9370981298648072,0,0,0,0.0
JNB0244,residential,residential_fallback,0.0,0,0,0,0.0
JNB0245,residential,residential_fallback,0.0,0,0,0,0.0
JNB0246,residential,residential_fallback,0.0,0,0,0,0.0
JNB0247,residential,residential_fallback,0.0,0,0,0,0.0
JNB0248,residential,residential_fallback,0.0,0,0,0,0.0
JNB0249,residential,residential_fallback,0.0,0,0,0,0.0
JNB0250,industrial,osm_industrial_share_ge_0.03,0.08293062232512283,0,0,0,0.0
JNB0251,residential,residential_fallback,0.0,0,0,0,0.0
JNB0252,residential,residential_fallback,0.0,0,0,0,0.0
JNB0253,residential,residential_fallback,0.0014976328428375403,0,0,0,0.0
JNB0254,industrial,osm_industrial_share_ge_0.03,0.5762076006993707,24,2,26,0.9230769230769231
JNB0255,industrial,osm_industrial_share_ge_0.03,0.09765156732575415,1,0,1,1.0
JNB0256,industrial,coj_zoning_industrial_n3_purity_ge_0.70,0.0,15,0,15,1.0
JNB0257,residential,residential_fallback,0.0,0,0,0,0.0
JNB0258,residential,residential_fallback,0.018441636302356477,0,0,0,0.0
JNB0259,residential,residential_fallback,0.0,0,0,0,0.0
JNB0260,residential,residential_fallback,0.0,0,0,0,0.0
JNB0261,residential,residential_fallback,0.0,0,0,0,0.0
JNB0262,industrial,osm_industrial_share_ge_0.03,0.03810188256179179,0,0,0,0.0
JNB0263,industrial,osm_industrial_share_ge_0.03,0.31936094313133256,0,0,0,0.0
JNB0264,industrial,osm_industrial_share_ge_0.03,0.4207065334385112,0,0,0,0.0
JNB0265,industrial,osm_industrial_share_ge_0.03,0.43123944966042904,0,0,0,0.0
JNB0266,industrial,osm_industrial_share_ge_0.03,0.5146050467092816,0,0,0,0.0
JNB0267,industrial,osm_industrial_share_ge_0.03,0.2472005624373619,0,0,0,0.0
JNB0268,residential,residential_fallback,0.0,0,0,0,0.0
JNB0269,residential,residential_fallback,0.0,0,0,0,0.0
JNB0270,residential,residential_fallback,0.0,0,0,0,0.0
JNB0271,residential,residential_fallback,0.0,0,0,0,0.0
JNB0272,residential,residential_fallback,0.0,0,0,0,0.0
JNB0273,residential,residential_fallback,0.0,0,0,0,0.0
JNB0274,residential,residential_fallback,0.0,0,0,0,0.0
JNB0275,residential,residential_fallback,0.0,0,0,0,0.0
JNB0276,residential,residential_fallback,0.0,0,0,0,0.0
JNB0277,residential,residential_fallback,0.0,0,0,0,0.0
JNB0278,residential,residential_fallback,0.0,22,12,34,0.6470588235294118
JNB0279,residential,residential_fallback,0.0013062492177372989,0,3,3,0.0
JNB0280,residential,residential_fallback,0.0,0,2,2,0.0
JNB0281,residential,residential_fallback,0.0,0,12,12,0.0
JNB0282,residential,residential_fallback,0.0,0,16,16,0.0
JNB0283,residential,residential_fallback,0.0,0,16,16,0.0
JNB0284,residential,residential_fallback,0.0,0,0,0,0.0
JNB0285,industrial,osm_industrial_share_ge_0.03,0.11955903788458995,0,0,0,0.0
JNB0286,residential,residential_fallback,0.0,0,0,0,0.0
JNB0287,residential,residential_fallback,0.0,0,0,0,0.0
JNB0288,industrial,osm_industrial_share_ge_0.03,0.10870200614583803,0,0,0,0.0
JNB0289,industrial,osm_industrial_share_ge_0.03,0.3852989027225491,0,0,0,0.0
JNB0290,residential,residential_fallback,0.0,0,0,0,0.0
JNB0291,residential,residential_fallback,0.0,0,0,0,0.0
JNB0292,residential,residential_fallback,0.0,0,0,0,0.0
JNB0293,residential,residential_fallback,0.0,0,0,0,0.0
JNB0294,residential,residential_fallback,0.0,0,0,0,0.0
JNB0295,industrial,osm_industrial_share_ge_0.03,0.03412670928815561,0,0,0,0.0
JNB0296,industrial,osm_industrial_share_ge_0.03,0.053633242915880903,0,0,0,0.0
JNB0297,residential,residential_fallback,0.0,0,0,0,0.0
JNB0298,residential,residential_fallback,0.0,0,0,0,0.0
JNB0299,industrial,osm_industrial_share_ge_0.03,0.22581349287444705,0,0,0,0.0
JNB0300,industrial,osm_industrial_share_ge_0.03,0.21846951756180996,0,1,1,0.0
JNB0301,residential,residential_fallback,0.0,0,7,7,0.0
JNB0302,residential,residential_fallback,0.0,0,11,11,0.0
JNB0303,residential,residential_fallback,0.0,0,14,14,0.0
JNB0304,residential,residential_fallback,0.0,0,37,37,0.0
JNB0305,residential,residential_fallback,0.0,0,9,9,0.0
JNB0306,residential,residential_fallback,0.0,0,1,1,0.0
JNB0307,industrial,osm_industrial_share_ge_0.03,0.41786901869051,0,0,0,0.0
JNB0308,industrial,osm_industrial_share_ge_0.03,0.5233940593468897,0,0,0,0.0
JNB0309,residential,residential_fallback,0.0039721819054057686,0,0,0,0.0
JNB0310,industrial,osm_industrial_share_ge_0.03,0.1692183987878476,0,0,0,0.0
JNB0311,industrial,osm_industrial_share_ge_0.03,0.34178481664655597,0,0,0,0.0
JNB0312,residential,residential_fallback,0.0,0,0,0,0.0
JNB0313,residential,residential_fallback,0.0,0,0,0,0.0
JNB0314,residential,residential_fallback,6.0067042440131995e-05,0,0,0,0.0
JNB0315,industrial,osm_industrial_share_ge_0.03,0.22437311256746237,0,0,0,0.0
JNB0316,residential,residential_fallback,0.0005267173474222373,0,0,0,0.0
JNB0317,residential,residential_fallback,0.0,0,0,0,0.0
JNB0318,residential,residential_fallback,0.0,0,0,0,0.0
JNB0319,industrial,osm_industrial_share_ge_0.03,0.08657690656694861,0,0,0,0.0
JNB0320,industrial,osm_industrial_share_ge_0.03,0.10586438386699465,0,2,2,0.0
JNB0321,residential,residential_fallback,0.0,0,23,23,0.0
JNB0322,residential,residential_fallback,0.0,0,9,9,0.0
JNB0323,residential,residential_fallback,0.0,0,22,22,0.0
JNB0324,residential,residential_fallback,0.0,0,53,53,0.0
JNB0325,residential,residential_fallback,0.002537723141757396,0,26,26,0.0
JNB0326,residential,residential_fallback,0.0,0,3,3,0.0
JNB0327,residential,residential_fallback,0.0,0,0,0,0.0
JNB0328,residential,residential_fallback,0.013155313721202011,0,0,0,0.0
JNB0329,residential,residential_fallback,0.0,0,0,0,0.0
JNB0330,residential,residential_fallback,0.0,0,0,0,0.0
JNB0331,residential,residential_fallback,0.0,0,0,0,0.0
JNB0332,residential,residential_fallback,0.0,0,0,0,0.0
JNB0333,residential,residential_fallback,0.0,0,0,0,0.0
JNB0334,residential,residential_fallback,0.0,0,0,0,0.0
JNB0335,residential,residential_fallback,0.0,0,0,0,0.0
JNB0336,residential,residential_fallback,0.0,0,0,0,0.0
JNB0337,residential,residential_fallback,0.0,0,0,0,0.0
JNB0338,residential,residential_fallback,0.0,0,0,0,0.0
JNB0339,residential,residential_fallback,0.0,0,2,2,0.0
JNB0340,residential,residential_fallback,0.0,0,11,11,0.0
JNB0341,residential,residential_fallback,0.0,0,66,66,0.0
JNB0342,residential,residential_fallback,0.0,0,102,102,0.0
JNB0343,residential,residential_fallback,0.0,0,106,106,0.0
JNB0344,residential,residential_fallback,0.0,0,3,3,0.0
JNB0345,residential,residential_fallback,0.0,0,0,0,0.0
JNB0346,residential,residential_fallback,0.0,0,0,0,0.0
JNB0347,residential,residential_fallback,0.0,0,0,0,0.0
JNB0348,residential,residential_fallback,0.0,0,0,0,0.0
JNB0349,residential,residential_fallback,0.0,0,0,0,0.0
JNB0350,residential,residential_fallback,0.0,0,0,0,0.0
JNB0351,residential,residential_fallback,0.0,0,0,0,0.0
JNB0352,residential,residential_fallback,0.0,0,0,0,0.0
JNB0353,residential,residential_fallback,0.0,0,0,0,0.0
JNB0354,residential,residential_fallback,0.0,0,0,0,0.0
JNB0355,residential,residential_fallback,0.0,0,0,0,0.0
JNB0356,residential,residential_fallback,0.0,0,0,0,0.0
JNB0357,residential,residential_fallback,0.0,0,0,0,0.0
JNB0358,residential,residential_fallback,0.0,0,0,0,0.0
JNB0359,residential,residential_fallback,0.0,0,0,0,0.0
JNB0360,residential,residential_fallback,0.0,0,0,0,0.0
JNB0361,residential,residential_fallback,0.0,0,0,0,0.0
JNB0362,residential,residential_fallback,0.0,0,0,0,0.0
JNB0363,residential,residential_fallback,0.0,0,0,0,0.0
JNB0364,residential,residential_fallback,0.0,0,0,0,0.0
JNB0365,residential,residential_fallback,0.0,0,0,0,0.0
JNB0366,residential,residential_fallback,0.0,0,0,0,0.0
JNB0367,residential,residential_fallback,0.0,0,0,0,0.0
JNB0368,residential,residential_fallback,0.0,0,0,0,0.0
JNB0369,residential,residential_fallback,0.0,0,0,0,0.0
JNB0370,residential,residential_fallback,0.0,0,0,0,0.0
JNB0371,residential,residential_fallback,0.0,0,0,0,0.0
JNB0372,residential,residential_fallback,0.0,0,0,0,0.0
JNB0373,residential,residential_fallback,0.0,0,0,0,0.0
JNB0374,residential,residential_fallback,0.0,0,0,0,0.0
JNB0375,residential,residential_fallback,0.0,0,0,0,0.0
JNB0376,residential,residential_fallback,0.0,0,0,0,0.0
JNB0377,residential,residential_fallback,0.0,0,0,0,0.0
JNB0378,residential,residential_fallback,0.0,0,0,0,0.0
JNB0379,residential,residential_fallback,0.0,0,0,0,0.0
JNB0380,residential,residential_fallback,0.0,0,0,0,0.0
JNB0381,residential,residential_fallback,0.0,0,0,0,0.0
JNB0382,residential,residential_fallback,0.0,0,0,0,0.0
