anchor_id,chip_id,grid_id,region_key,source_feature_id,centroid_lon,centroid_lat,source_area_m2,area_bucket,zone,zone_source,sample_stage,b0_bridge,selection_hash,legacy_group_anchor_id,source_grid,target_index,target_label,target_offset_x_m,target_offset_y_m,search_radius_m,chip_half_m,chip_size_m,chip_lon_min,chip_lat_min,chip_lon_max,chip_lat_max
jhb_full382_unified_a_merge01_c0925_fpcut_2026_06_01_t00005220,jhb_full382_unified_a_merge01_c0925_fpcut_2026_06_01_t00005220,JNB0053,johannesburg,5219,28.1150418098,-26.1422679226,15.9655,b_sm_15_40,residential,residential_fallback,stage1_core,True,f0d04cbc2345e396cc38022a20a5196fb3078228f62441d3dafd8141bc7e01a6,jhb_full382_unified_a_merge01_c0925_fpcut_2026_06_01_c0012929,JNB0053,1,T01,0.0,0.0,10.0,48.0,96.0,28.114565809321405,-26.142704980421225,28.115517806734697,-26.141830863294178
jhb_full382_unified_a_merge01_c0925_fpcut_2026_06_01_t00015602,jhb_full382_unified_a_merge01_c0925_fpcut_2026_06_01_t00015602,JNB0092,johannesburg,15601,28.0309045699,-26.1636257125,16.933,b_sm_15_40,residential,residential_fallback,stage1_core,True,e51698831881397bf1fdef6941fe1049e9c74b40f69fa0cfd0e781172a7ed78a,jhb_full382_unified_a_merge01_c0925_fpcut_2026_06_01_c0009396,JNB0092,1,T01,0.0,0.0,10.0,48.0,96.0,28.030428161677754,-26.164062503217735,28.031380974573963,-26.163188920285428
jhb_full382_unified_a_merge01_c0925_fpcut_2026_06_01_t00022788,jhb_full382_unified_a_merge01_c0925_fpcut_2026_06_01_t00022788,JNB0133,johannesburg,22787,28.01313275,-26.1808283743,28.0717,b_sm_15_40,cbd,cbd25_spatial_crosswalk,stage1_core,False,0082f7735155c31ae4998a5be92fd9275bd9dda5f92c9e755d0f73725f7a036c,jhb_full382_unified_a_merge01_c0925_fpcut_2026_06_01_c0006650,JNB0133,1,T01,0.0,0.0,10.0,48.0,96.0,28.012656205784214,-26.181265109176593,28.013609290664224,-26.180391637923094
jhb_full382_unified_a_merge01_c0925_fpcut_2026_06_01_t00023240,jhb_full382_unified_a_merge01_c0925_fpcut_2026_06_01_t00023240,JNB0135,johannesburg,23239,28.0334088406,-26.1843185718,4.4707,a_xs_lt15,cbd,cbd25_spatial_crosswalk,stage1_core,False,00506464b31e38e9dd3a54649e76d8fd05f5d3e9498d62b3175acec627d15279,jhb_full382_unified_a_merge01_c0925_fpcut_2026_06_01_c0006253,JNB0135,1,T01,0.0,0.0,10.0,48.0,96.0,28.032932360703228,-26.184755371804247,28.033885316944644,-26.183881770297795
jhb_full382_unified_a_merge01_c0925_fpcut_2026_06_01_t00023280,jhb_full382_unified_a_merge01_c0925_fpcut_2026_06_01_t00023280,JNB0135,johannesburg,23279,28.0315577461,-26.1850658916,9.4102,a_xs_lt15,cbd,cbd25_spatial_crosswalk,stage1_core,False,044dac17263e6f376cb46ca57d46ce9d0736dedd205b0b32d8c2bb84b99dc33c,jhb_full382_unified_a_merge01_c0925_fpcut_2026_06_01_c0006163,JNB0135,1,T01,0.0,0.0,10.0,48.0,96.0,28.03108125613669,-26.185502685725574,28.03203423251103,-26.184629095976167
jhb_full382_unified_a_merge01_c0925_fpcut_2026_06_01_t00025667,jhb_full382_unified_a_merge01_c0925_fpcut_2026_06_01_t00025667,JNB0165,johannesburg,25666,28.0950295995,-26.1969225761,8.3102,a_xs_lt15,residential,residential_fallback,stage1_core,True,995d8e1c12049299a01b8a0e84795ade3f831402a9e5709339bf2210fb49e51e,jhb_full382_unified_a_merge01_c0925_fpcut_2026_06_01_c0005115,JNB0165,1,T01,0.0,0.0,10.0,48.0,96.0,28.094553307732685,-26.197359573935515,28.095505887713113,-26.196485576773508
jhb_full382_unified_a_merge01_c0925_fpcut_2026_06_01_t00027185,jhb_full382_unified_a_merge01_c0925_fpcut_2026_06_01_t00027185,JNB0177,johannesburg,27184,27.9780410366,-26.2060668725,319.415,d_lg_ge100,industrial,coj_zoning_industrial_n3_purity_ge_0.70,stage1_core,False,124923e9aeee424afd82de9a591e221a058cfa7a61555386f631a5eb0e4e2d38,jhb_full382_unified_a_merge01_c0925_fpcut_2026_06_01_c0004476,JNB0177,1,T01,0.0,0.0,10.0,48.0,96.0,27.97756425795844,-26.206503496295152,27.97851781168513,-26.20563024719828
jhb_full382_unified_a_merge01_c0925_fpcut_2026_06_01_t00028219,jhb_full382_unified_a_merge01_c0925_fpcut_2026_06_01_t00028219,JNB0192,johannesburg,28218,28.1212166004,-26.2061492225,9.7734,a_xs_lt15,industrial,osm_industrial_share_ge_0.03,stage1_core,False,09aec3625a62110f4e9244bf0f2fc41a39409f0f2979513db24628db4578a5b5,jhb_full382_unified_a_merge01_c0925_fpcut_2026_06_01_c0004463,JNB0192,1,T01,0.0,0.0,10.0,48.0,96.0,28.120740373639784,-26.206586304588356,28.121692823604423,-26.205712138923374
jhb_full382_unified_a_merge01_c0925_fpcut_2026_06_01_t00028528,jhb_full382_unified_a_merge01_c0925_fpcut_2026_06_01_t00028528,JNB0205,johannesburg,28527,28.0181483673,-26.2120284812,54.4353,c_md_40_100,cbd,cbd25_spatial_crosswalk,stage1_core,False,30186f39d67e3a0c6419a785291b7824f5286122d76871d52f4844e316435681,jhb_full382_unified_a_merge01_c0925_fpcut_2026_06_01_c0004178,JNB0205,1,T01,0.0,0.0,10.0,48.0,96.0,28.017671719559626,-26.21246523400665,28.018625011483007,-26.2115917268915
jhb_full382_unified_a_merge01_c0925_fpcut_2026_06_01_t00028570,jhb_full382_unified_a_merge01_c0925_fpcut_2026_06_01_t00028570,JNB0207,johannesburg,28569,28.0328474622,-26.2133168712,109.4181,d_lg_ge100,cbd,cbd25_spatial_crosswalk,stage1_core,False,1e11e15b8a938572db569f373a5d5f86d16adda0ddb447dba21e4779acdf1b74,jhb_full382_unified_a_merge01_c0925_fpcut_2026_06_01_c0004157,JNB0207,1,T01,0.0,0.0,10.0,48.0,96.0,28.03237086604099,-26.213753671193693,28.033324054801465,-26.21288006970623
jhb_full382_unified_a_merge01_c0925_fpcut_2026_06_01_t00029107,jhb_full382_unified_a_merge01_c0925_fpcut_2026_06_01_t00029107,JNB0214,johannesburg,29106,28.1102156148,-26.2090893755,106.399,d_lg_ge100,residential,residential_fallback,stage1_core,False,0db5bc1ce72afe007c8e11f37064d72cef76a6f21fe5400b19b8bc3eaa736777,jhb_full382_unified_a_merge01_c0925_fpcut_2026_06_01_c0004358,JNB0214,1,T01,0.0,0.0,10.0,48.0,96.0,28.109739333967813,-26.209526422680497,28.11069189207579,-26.20865232682961
jhb_full382_unified_a_merge01_c0925_fpcut_2026_06_01_t00029369,jhb_full382_unified_a_merge01_c0925_fpcut_2026_06_01_t00029369,JNB0229,johannesburg,29368,28.0161188237,-26.2190488864,22.7597,b_sm_15_40,cbd,cbd25_spatial_crosswalk,stage1_core,False,0da629189c77f8b985f69a22af882314fb788a169149b5fa5f7d91064a541e4d,jhb_full382_unified_a_merge01_c0925_fpcut_2026_06_01_c0003955,JNB0229,1,T01,0.0,0.0,10.0,48.0,96.0,28.015642140471915,-26.219485633118335,28.01659550336939,-26.218612138179054
jhb_full382_unified_a_merge01_c0925_fpcut_2026_06_01_t00030667,jhb_full382_unified_a_merge01_c0925_fpcut_2026_06_01_t00030667,JNB0264,johannesburg,30666,28.1312979559,-26.230719581,87.639,c_md_40_100,industrial,osm_industrial_share_ge_0.03,stage1_core,False,0f91c34b85c8425f7d7051a79d50db25ba5072eb7b2b959de37a015a7e53f817,jhb_full382_unified_a_merge01_c0925_fpcut_2026_06_01_c0003667,JNB0264,1,T01,0.0,0.0,10.0,48.0,96.0,28.13082167175151,-26.231156697051905,28.13177423648815,-26.23028246345939
jhb_full382_unified_a_merge01_c0925_fpcut_2026_06_01_t00033709,jhb_full382_unified_a_merge01_c0925_fpcut_2026_06_01_t00033709,JNB0315,johannesburg,33708,27.9763584874,-26.2532197984,4.5903,a_xs_lt15,industrial,osm_industrial_share_ge_0.03,stage1_core,False,0cd4f1d6554343a40cff10d49837a2c4d041b1b79b13a712c637cfed5878dbe5,jhb_full382_unified_a_merge01_c0925_fpcut_2026_06_01_c0002290,JNB0315,1,T01,0.0,0.0,10.0,48.0,96.0,27.975881516005174,-26.2536564193794,27.976835455229562,-26.252783175910505
jhb_full382_unified_a_merge01_c0925_fpcut_2026_06_01_t00034084,jhb_full382_unified_a_merge01_c0925_fpcut_2026_06_01_t00034084,JNB0320,johannesburg,34083,28.0238259111,-26.2557100994,29.5037,b_sm_15_40,industrial,osm_industrial_share_ge_0.03,stage1_core,False,07556fabe5471efea0bee7d09033f001971525ddd4d5ed74b1c5fa511cc55144,jhb_full382_unified_a_merge01_c0925_fpcut_2026_06_01_c0002108,JNB0320,1,T01,0.0,0.0,10.0,48.0,96.0,28.023349112971896,-26.256146873045417,28.024302705662592,-26.2552733242504
jhb_full382_unified_a_merge01_c0925_fpcut_2026_06_01_t00034290,jhb_full382_unified_a_merge01_c0925_fpcut_2026_06_01_t00034290,JNB0326,johannesburg,34289,28.0821477309,-26.2532499317,6.7185,a_xs_lt15,residential,residential_fallback,stage1_core,True,1a87273841c3af4618309f6cb30156e9e6d5eccd2b3155f2e71dceca9a18b6a1,jhb_full382_unified_a_merge01_c0925_fpcut_2026_06_01_c0002245,JNB0326,1,T01,0.0,0.0,10.0,48.0,96.0,28.08167116790313,-26.253686892176347,28.082624290332085,-26.252812969727092
jhb_full382_unified_a_merge01_c0925_fpcut_2026_06_01_t00034888,jhb_full382_unified_a_merge01_c0925_fpcut_2026_06_01_t00034888,JNB0335,johannesburg,34887,27.9876764321,-26.2701707039,71.5056,c_md_40_100,residential,residential_fallback,stage1_core,False,00b6dda3943315d81143f0b31c67cdff372ceaa3990b93ba61a6a81c83e4373d,jhb_full382_unified_a_merge01_c0925_fpcut_2026_06_01_c0001231,JNB0335,1,T01,0.0,0.0,10.0,48.0,96.0,27.987199437281962,-26.27060736222284,27.98815342334965,-26.26973404406733
jhb_full382_unified_a_merge01_c0925_fpcut_2026_06_01_t00038325,jhb_full382_unified_a_merge01_c0925_fpcut_2026_06_01_t00038325,JNB0374,johannesburg,38324,28.0553805157,-26.2877180099,12.2072,a_xs_lt15,residential,residential_fallback,stage1_core,False,009c506c8a18cb91708143c9a3ad10b272eda161d1abcff80d12d24e59f78ca8,jhb_full382_unified_a_merge01_c0925_fpcut_2026_06_01_c0000021,JNB0374,1,T01,0.0,0.0,10.0,48.0,96.0,28.05490371316169,-26.288154886825183,28.05585731466694,-26.287281131472422
jhb_full382_unified_a_merge01_c0925_fpcut_2026_06_01_t00040858,jhb_full382_unified_a_merge01_c0925_fpcut_2026_06_01_t00040858,JNB0023,johannesburg,40857,28.0648845691,-26.1234406299,18.4918,b_sm_15_40,residential,residential_fallback,stage1_core,False,00d7502ecbd3d4b2fed9b495cbf0493c79a6ac6621257e8648419dfc07959974,jhb_full382_unified_a_merge01_c0925_fpcut_2026_06_01_c0014831,JNB0023,1,T01,0.0,0.0,10.0,48.0,96.0,28.06440844912043,-26.123877526587947,28.065360685538934,-26.123003731722385
jhb_full382_unified_a_merge01_c0925_fpcut_2026_06_01_t00041296,jhb_full382_unified_a_merge01_c0925_fpcut_2026_06_01_t00041296,JNB0025,johannesburg,41295,28.0807428183,-26.1235176579,16.2296,b_sm_15_40,industrial,osm_industrial_share_ge_0.03,stage1_core,True,ac0047f6de587620d412c498badba840bede22bc40bb2d8c3e32798702ba2ae1,jhb_full382_unified_a_merge01_c0925_fpcut_2026_06_01_c0014844,JNB0025,1,T01,0.0,0.0,10.0,48.0,96.0,28.08026675902037,-26.123954605149613,28.081218874039056,-26.123080709162725
